#csv_version,1.0.0,,,,,,,,,,,,,,,,,,,,,,,,,,,,,,,,,,,,,,,,,,,,,,,,,,,,,,,,,,,,,,,,,
#measurement,"{""schema_version"":""1.0.0"",""appPlatform"":""desktop"",""appVersion"":""1.5.0"",""owner"":{""first_name"":""Olarewaju"",""last_name"":""Lawal""},""data"":{""id"":15303,""name"":""InMango_2"",""measurement_type"":""take a smell"",""started_at"":""2023-11-21T13:21:29.518Z"",""stopped_at"":""2023-11-21T13:23:45.405Z"",""connection_type"":""usb"",""measurement_size"":""27"",""measurement_duration"":135,""fan_state"":3,""comment"":null,""device_info"":{""id"":586,""mac_address"":""7c:87:ce:f0:cd:c8"",""serial_number"":""SI2147-00048"",""board_id"":null,""device_type_info"":{""id"":1,""name"":""Smell Inspector"",""version"":""B1"",""is_contain_sensor_board"":false},""device_firmware_info"":{""id"":4,""name"":""SI-Firmware"",""version"":""2.1.1""},""board_info"":null,""detectors_info"":[{""id"":1742,""detector_position"":""X1"",""detector"":{""id"":1721,""batch_id"":""0000014"",""slot_id"":""07"",""production_detector_id"":""00138"",""detector_type"":{""id"":7,""name"":""Type1"",""lower_bound"":0,""upper_bound"":350000}}},{""id"":1743,""detector_position"":""X2"",""detector"":{""id"":1722,""batch_id"":""0000015"",""slot_id"":""01"",""production_detector_id"":""00178"",""detector_type"":{""id"":8,""name"":""Type2"",""lower_bound"":0,""upper_bound"":350000}}},{""id"":1744,""detector_position"":""X3"",""detector"":{""id"":1723,""batch_id"":""0000016"",""slot_id"":""02"",""production_detector_id"":""00030"",""detector_type"":{""id"":9,""name"":""Type3"",""lower_bound"":0,""upper_bound"":350000}}},{""id"":1745,""detector_position"":""X4"",""detector"":{""id"":1724,""batch_id"":""0000013"",""slot_id"":""08"",""production_detector_id"":""00212"",""detector_type"":{""id"":10,""name"":""Type4"",""lower_bound"":0,""upper_bound"":350000}}}]},""measurement_substance_info"":[{""substance_info"":{""id"":2917,""category"":""Fruity"",""is_public"":false,""name"":""indoor"",""odor_name"":null,""taste_name"":null,""additional_information"":null,""parent_substance_id"":952,""parent_substance"":{""id"":952,""category"":null,""is_public"":true,""name"":""Other"",""odor_name"":null,""taste_name"":null,""additional_information"":null}},""concentration_value"":null,""concentration_unit"":null,""state"":null}],""measurement_events"":[],""measurement_setup_info"":null}}",,,,,,,,,,,,,,,,,,,,,,,,,,,,,,,,,,,,,,,,,,,,,,,,,,,,,,,,,,,,,,,,,
#fan_level,3,,,,,,,,,,,,,,,,,,,,,,,,,,,,,,,,,,,,,,,,,,,,,,,,,,,,,,,,,,,,,,,,,
#baseLevel|2023-11-21T13:21:31.926Z,663.6,483.8,24049.0,24042.7,24042.1,46308.5,46236.0,46194.8,486282.1,485496.9,485204.2,255458.8,255488.5,255659.8,417.9,414.6,6305.5,7931.7,3484.7,3483.0,3483.4,3173.5,3172.5,3172.5,31887.4,31893.7,31908.1,25413.5,25430.5,25441.4,10385.3,10382.5,1874.5,1673.1,9313.6,9321.4,9332.0,37572.6,37610.1,37618.1,183232.2,182900.2,182986.9,30151.8,30162.9,30168.7,1542.3,1532.1,206.4,170.2,30478.8,30426.1,30374.4,15045.1,15022.2,15019.2,54122.0,54274.7,54351.2,112003.7,111549.6,111513.3,170.2,170.2,71.320000,23.900000
#header:timestamp,ch1,ch2,ch3,ch4,ch5,ch6,ch7,ch8,ch9,ch10,ch11,ch12,ch13,ch14,ch15,ch16,ch17,ch18,ch19,ch20,ch21,ch22,ch23,ch24,ch25,ch26,ch27,ch28,ch29,ch30,ch31,ch32,ch33,ch34,ch35,ch36,ch37,ch38,ch39,ch40,ch41,ch42,ch43,ch44,ch45,ch46,ch47,ch48,ch49,ch50,ch51,ch52,ch53,ch54,ch55,ch56,ch57,ch58,ch59,ch60,ch61,ch62,ch63,ch64,humidity,temperature
2023-11-21T13:21:31.926Z,663.6,483.8,24049.0,24042.7,24042.1,46308.5,46236.0,46194.8,486282.1,485496.9,485204.2,255458.8,255488.5,255659.8,417.9,414.6,6305.5,7931.7,3484.7,3483.0,3483.4,3173.5,3172.5,3172.5,31887.4,31893.7,31908.1,25413.5,25430.5,25441.4,10385.3,10382.5,1874.5,1673.1,9313.6,9321.4,9332.0,37572.6,37610.1,37618.1,183232.2,182900.2,182986.9,30151.8,30162.9,30168.7,1542.3,1532.1,206.4,170.2,30478.8,30426.1,30374.4,15045.1,15022.2,15019.2,54122.0,54274.7,54351.2,112003.7,111549.6,111513.3,170.2,170.2,71.320000,23.900000
2023-11-21T13:21:34.732Z,663.6,483.8,24053.4,24050.0,24048.4,46323.6,46243.5,46191.1,485354.7,485891.0,486262.6,255782.4,255696.2,255542.7,417.9,414.6,6304.1,7930.7,3484.8,3483.3,3483.5,3173.5,3172.2,3172.9,31857.0,31874.0,31868.7,25419.4,25432.3,25445.8,10386.7,10383.0,1874.3,1673.0,9316.1,9323.6,9333.8,37575.7,37591.4,37589.9,183572.7,183611.9,183558.9,30177.8,30180.5,30181.4,1542.3,1532.2,206.4,170.2,30492.8,30426.1,30377.1,15049.0,15030.0,15022.8,54142.8,54231.0,54323.3,111996.8,111836.0,111791.5,170.2,170.2,71.320000,23.889999
2023-11-21T13:21:37.538Z,663.6,483.8,24060.1,24052.8,24046.9,46324.3,46244.5,46208.0,486363.3,486574.5,486095.3,255546.3,255440.0,255513.6,417.9,414.7,6305.4,7932.3,3484.8,3483.3,3483.5,3173.4,3172.5,3172.8,31874.5,31898.0,31887.3,25419.4,25435.9,25448.1,10386.3,10384.2,1874.3,1673.1,9316.2,9323.8,9331.5,37555.6,37589.5,37612.3,183729.1,183517.2,183176.4,30164.4,30177.8,30187.6,1542.3,1532.1,206.4,170.2,30458.6,30424.9,30387.3,15054.8,15034.5,15020.2,54116.0,54243.7,54370.6,112217.5,111792.3,111567.9,170.2,170.2,71.300003,23.879999
2023-11-21T13:21:40.344Z,663.6,483.8,24060.4,24048.6,24049.4,46337.3,46264.1,46216.1,485353.1,485089.3,484442.2,255599.2,255767.6,255725.8,417.9,414.6,6305.5,7932.8,3484.9,3483.2,3483.5,3173.3,3172.3,3173.0,31853.9,31903.2,31925.3,25432.6,25445.8,25448.3,10386.0,10382.8,1874.5,1673.2,9316.5,9325.2,9333.9,37571.0,37592.4,37611.7,183518.1,183376.4,183459.4,30194.2,30204.5,30210.1,1542.2,1532.2,206.4,170.2,30487.5,30424.1,30383.0,15042.3,15033.9,15026.1,54161.9,54294.8,54351.5,111962.3,111624.8,111543.2,170.2,170.2,71.330002,23.900000
2023-11-21T13:21:43.150Z,663.6,483.8,24061.5,24058.2,24058.4,46355.6,46259.7,46218.1,485150.9,485863.2,486052.9,256006.9,255629.8,255714.2,417.9,414.7,6304.4,7931.0,3484.8,3483.2,3483.4,3173.4,3172.2,3172.8,31859.1,31893.2,31884.7,25431.8,25440.7,25452.3,10385.9,10382.4,1874.4,1673.2,9318.7,9326.8,9335.0,37578.5,37585.3,37606.7,183747.9,183875.8,183750.0,30205.2,30200.3,30206.8,1542.3,1532.2,206.4,170.2,30479.5,30438.4,30380.3,15040.2,15026.3,15026.2,54129.3,54240.8,54296.5,112056.1,111869.4,111760.4,170.2,170.2,71.290001,23.900000
2023-11-21T13:21:45.956Z,663.6,483.8,24078.1,24067.3,24062.7,46381.3,46297.8,46259.5,486438.0,486690.1,486173.0,255880.4,255810.3,255794.6,417.9,414.6,6304.8,7932.4,3484.8,3483.6,3483.7,3173.4,3172.5,3173.0,31895.7,31909.0,31918.7,25439.6,25449.4,25455.9,10385.7,10382.7,1874.3,1673.1,9318.8,9326.9,9333.8,37546.9,37575.1,37624.1,184120.5,183861.6,183534.3,30212.4,30224.3,30238.1,1542.3,1532.1,206.4,170.2,30494.8,30451.4,30398.2,15057.8,15043.4,15027.1,54129.2,54259.6,54373.0,112390.5,111893.9,111549.3,170.2,170.2,71.260002,23.879999
2023-11-21T13:21:48.762Z,663.6,483.8,24072.1,24062.4,24062.7,46389.3,46308.1,46259.2,485792.0,485548.7,486117.9,256033.1,256072.7,256142.1,417.9,414.7,6305.3,7932.4,3484.9,3483.0,3483.5,3173.5,3172.5,3172.8,31943.3,31946.2,31963.2,25434.1,25443.5,25454.9,10384.5,10382.1,1874.5,1673.0,9317.4,9326.6,9335.3,37562.6,37584.4,37597.8,183739.8,183667.7,183697.4,30232.0,30230.3,30237.1,1542.2,1532.2,206.4,170.2,30515.7,30442.7,30402.1,15049.2,15025.4,15030.7,54153.9,54269.7,54306.5,111906.4,111795.8,111604.2,170.2,170.2,71.180000,23.879999
2023-11-21T13:21:51.568Z,663.6,483.8,24071.7,24068.8,24066.6,46387.7,46303.8,46264.1,486166.7,486808.9,486864.1,255854.9,255649.5,255541.4,417.9,414.6,6305.5,7932.1,3484.8,3483.1,3483.7,3173.4,3172.5,3172.8,31899.6,31965.9,31975.1,25431.9,25440.6,25459.1,10386.5,10382.4,1874.3,1673.1,9320.6,9327.8,9335.8,37534.9,37580.3,37617.3,183962.7,183967.8,183622.1,30208.8,30205.5,30214.7,1542.3,1532.2,206.4,170.2,30475.3,30450.6,30404.9,15049.0,15034.1,15025.3,54129.3,54239.1,54354.3,112141.3,111877.3,111752.3,170.2,170.2,71.169998,23.889999
2023-11-21T13:21:54.373Z,663.6,483.8,24073.4,24062.8,24061.2,46380.7,46307.9,46265.4,486108.4,485833.9,485655.9,255694.9,255697.5,255814.8,417.9,414.6,6305.1,7932.0,3484.8,3483.1,3483.7,3173.7,3172.4,3172.9,31912.9,31935.8,31917.8,25424.4,25443.5,25450.2,10385.3,10382.2,1874.4,1673.0,9319.4,9327.1,9335.6,37563.7,37593.8,37602.9,183707.8,183441.1,183225.9,30190.3,30194.1,30212.4,1542.2,1532.2,206.4,170.2,30480.1,30442.2,30388.3,15050.2,15028.1,15026.9,54149.3,54260.2,54342.2,112167.5,111785.5,111379.4,170.2,170.2,71.169998,23.889999
2023-11-21T13:21:57.179Z,663.6,483.8,24069.7,24066.9,24063.8,46388.9,46294.9,46252.9,485280.4,485604.0,486088.6,255825.7,255840.0,255767.2,417.9,414.7,6304.1,7931.3,3484.6,3483.0,3483.4,3173.4,3172.4,3172.8,31974.9,31926.5,31955.4,25426.4,25441.4,25450.7,10386.1,10383.0,1874.6,1673.0,9320.0,9328.5,9336.9,37558.0,37604.6,37608.3,183659.3,183752.1,183783.4,30194.3,30193.9,30202.4,1542.3,1532.2,206.4,170.2,30482.1,30423.8,30377.5,15036.0,15025.5,15023.1,54154.7,54251.8,54308.1,111954.8,111801.8,111705.1,170.2,170.2,71.180000,23.889999
2023-11-21T13:21:59.985Z,663.6,483.8,24075.6,24064.0,24059.9,46366.8,46285.8,46240.5,486079.1,486465.8,486069.2,255589.4,255551.7,255992.1,417.9,414.7,6304.8,7931.9,3484.9,3483.1,3483.3,3173.5,3172.5,3172.7,31940.3,31968.2,31931.8,25424.3,25435.5,25445.2,10386.1,10382.3,1874.5,1673.2,9322.5,9329.4,9335.8,37549.4,37576.0,37603.8,183999.0,183771.4,183414.3,30187.8,30195.4,30207.9,1542.2,1532.1,206.4,170.2,30495.6,30447.0,30403.4,15051.9,15041.4,15036.8,54117.6,54277.5,54387.6,112310.9,111941.6,111628.8,170.2,170.2,71.180000,23.900000
2023-11-21T13:22:02.793Z,663.6,483.8,24069.8,24065.0,24064.2,46376.0,46294.1,46242.3,484872.8,484766.3,485703.0,255794.6,255900.3,255900.3,417.9,414.6,6304.6,7931.4,3484.7,3483.1,3483.3,3173.7,3172.3,3172.6,31977.7,31995.8,32008.2,25430.1,25437.9,25448.9,10384.5,10382.5,1874.4,1673.1,9320.3,9328.8,9339.8,37575.9,37595.3,37613.0,183594.7,183584.5,183655.2,30220.0,30217.7,30223.4,1542.2,1532.1,206.4,170.2,30507.6,30446.8,30392.0,15049.0,15033.1,15034.9,54175.4,54276.7,54321.7,111853.7,111690.6,111492.2,170.2,170.2,71.209999,23.889999
2023-11-21T13:22:05.597Z,663.6,483.8,24076.9,24074.0,24066.5,46405.8,46324.1,46275.4,486706.3,487058.2,486665.9,256033.1,255697.5,255705.2,417.9,414.6,6304.8,7933.3,3485.0,3483.2,3483.6,3173.5,3172.6,3172.8,31984.2,32043.0,31995.5,25435.9,25452.5,25471.4,10387.0,10383.6,1874.4,1673.1,9323.4,9330.0,9338.6,37554.2,37579.6,37615.0,184170.5,184107.9,183722.6,30220.3,30229.1,30242.4,1542.3,1532.1,206.4,170.2,30496.3,30442.8,30413.9,15057.5,15039.1,15031.8,54127.7,54244.8,54348.0,112269.8,112103.3,111804.2,170.2,170.2,71.230003,23.900000
2023-11-21T13:22:08.403Z,663.6,483.8,24082.5,24075.4,24071.8,46427.0,46352.2,46300.8,486528.8,485821.3,485978.5,255858.1,256091.5,256101.0,417.9,414.6,6305.1,7932.9,3485.1,3483.1,3483.4,3173.4,3172.5,3172.8,31974.0,32001.2,32024.3,25439.8,25458.1,25461.8,10385.2,10382.2,1874.5,1673.1,9321.6,9329.9,9338.5,37550.1,37579.8,37596.5,183799.2,183582.7,183610.9,30225.2,30228.7,30236.1,1542.2,1532.1,206.4,170.2,30512.6,30462.7,30415.0,15054.2,15041.6,15037.4,54129.7,54311.9,54351.2,112081.0,111647.0,111615.4,170.2,170.2,71.169998,23.889999
2023-11-21T13:22:11.209Z,663.6,483.8,24077.0,24074.4,24073.8,46421.8,46331.8,46278.0,485863.2,486685.3,486979.8,256129.0,256017.3,255978.1,417.9,414.7,6305.6,7933.7,3484.9,3483.1,3483.6,3173.5,3172.4,3172.9,31980.3,31995.6,31969.6,25438.6,25449.4,25463.8,10385.8,10383.5,1874.3,1673.1,9324.9,9332.5,9340.3,37567.4,37593.7,37603.9,183839.1,183923.9,183846.5,30206.6,30206.0,30213.0,1542.3,1532.2,206.4,170.2,30521.9,30464.9,30421.5,15067.5,15048.7,15045.7,54158.5,54254.3,54337.3,112070.3,111952.5,111857.6,170.2,170.2,71.190002,23.889999
2023-11-21T13:22:14.015Z,663.6,483.8,24081.7,24073.8,24068.1,46397.9,46320.2,46279.3,486563.0,486791.0,486083.8,255781.5,255736.2,256052.0,417.9,414.6,6305.0,7932.4,3484.8,3483.3,3483.4,3173.1,3172.4,3173.1,31979.0,31969.6,31998.4,25443.8,25457.1,25466.1,10385.4,10381.8,1874.4,1673.1,9323.5,9330.9,9339.9,37557.5,37597.2,37630.3,183985.2,183733.8,183415.9,30200.3,30216.3,30224.6,1542.3,1532.1,206.4,170.2,30511.5,30463.0,30422.8,15062.9,15042.6,15045.2,54164.6,54279.6,54382.6,112330.9,111803.1,111523.3,170.2,170.2,71.139999,23.889999
2023-11-21T13:22:16.821Z,663.6,483.8,24082.4,24077.0,24077.3,46451.8,46363.8,46313.5,485574.8,485034.5,485459.8,255979.0,256116.0,256078.1,417.9,414.6,6304.1,7932.2,3484.8,3483.3,3483.4,3173.7,3172.5,3172.9,31948.0,32004.7,31970.6,25434.9,25446.8,25454.7,10385.6,10376.0,1874.4,1673.0,9322.1,9331.1,9341.4,37571.6,37589.5,37597.9,183819.6,183878.8,183867.9,30235.2,30246.1,30246.8,1542.3,1532.2,206.4,170.2,30527.8,30445.4,30417.6,15053.0,15042.7,15031.0,54217.6,54298.5,54357.6,111871.2,111775.2,111661.2,170.2,170.2,71.169998,23.889999
2023-11-21T13:22:19.627Z,663.6,483.8,24086.5,24080.0,24079.1,46444.7,46357.9,46321.1,485757.9,486553.5,486771.5,256127.2,255858.5,255816.2,417.9,414.6,6304.6,7932.6,3485.1,3483.3,3483.6,3173.8,3172.5,3173.1,32011.7,32010.2,32040.1,25437.1,25453.0,25470.2,10386.0,10383.2,1874.3,1673.0,9325.9,9333.2,9340.8,37560.0,37569.8,37575.1,184339.8,184336.3,183892.1,30240.5,30234.1,30241.8,1542.3,1532.1,206.4,170.2,30515.4,30476.0,30438.5,15069.2,15052.0,15054.9,54151.0,54238.3,54312.4,112226.6,111650.1,111457.0,170.2,170.2,71.129997,23.889999
2023-11-21T13:22:22.433Z,663.6,483.8,24009.9,23993.8,23987.1,45973.3,45892.8,45837.2,484866.5,484688.7,483981.3,255169.1,255312.8,255525.2,417.9,414.6,6305.0,7932.1,3484.8,3483.1,3483.2,3173.3,3172.2,3173.0,31808.8,31822.7,31809.5,25284.0,25298.5,25307.3,10384.8,10380.4,1874.5,1673.0,9329.3,9335.5,9345.6,37812.6,37867.9,37883.3,179975.8,179562.0,179477.2,29776.5,29804.0,29829.5,1542.2,1532.2,206.4,170.2,30486.3,30414.4,30368.6,15054.4,15036.1,15038.5,54072.4,54247.9,54328.6,111895.9,111418.0,111150.8,170.2,170.2,71.099998,23.900000
2023-11-21T13:22:25.239Z,663.6,483.9,23959.7,23953.0,23951.2,45802.3,45707.2,45657.3,484427.6,484630.8,485503.6,255190.6,255152.6,254777.1,417.9,414.7,6304.5,7931.5,3484.6,3483.0,3483.4,3173.3,3172.4,3172.9,31724.0,31728.3,31782.2,25263.4,25269.3,25278.1,10385.2,10383.1,1874.5,1673.1,9327.7,9336.3,9346.0,37862.5,37882.9,37881.3,179113.1,179224.9,179359.1,29687.6,29688.8,29695.1,1542.3,1532.1,206.4,170.2,30457.3,30392.7,30333.1,15046.9,15033.9,15033.7,54053.9,54172.6,54231.2,111576.9,111434.7,111429.5,170.2,170.2,71.820000,23.900000
2023-11-21T13:22:28.044Z,663.6,483.9,23912.7,23904.7,23897.8,45544.2,45459.9,45433.7,485730.2,486434.8,485706.1,254363.1,254315.9,254366.1,417.9,414.6,6303.2,7931.8,3484.6,3482.9,3483.3,3173.3,3172.2,3172.7,31622.5,31594.3,31609.4,25219.6,25234.3,25244.0,10385.6,10382.2,1874.4,1673.2,9329.9,9336.5,9344.1,37852.5,37898.1,37932.1,178711.1,178545.5,178187.2,29596.8,29602.1,29619.7,1542.3,1532.1,206.4,170.2,30449.0,30385.6,30333.5,15050.3,15021.7,15019.0,53987.8,54124.4,54253.3,111866.5,111441.2,111043.2,170.2,170.2,72.550003,23.900000
2023-11-21T13:22:30.850Z,663.6,483.9,23876.3,23869.4,23864.4,45442.5,45368.6,45330.5,484653.2,484013.6,483579.4,254161.0,254364.8,254416.8,417.9,414.7,6301.8,7929.4,3484.5,3482.7,3483.2,3173.2,3172.0,3172.2,31536.4,31538.3,31520.7,25179.8,25197.0,25197.6,10381.9,10378.8,1874.5,1673.1,9326.9,9335.0,9343.1,37919.5,37988.5,37978.3,177270.3,177052.3,177113.3,29496.4,29517.5,29528.7,1542.2,1532.1,206.4,170.2,30434.9,30371.8,30304.7,15041.1,15027.9,15029.2,54019.6,54171.5,54257.2,111602.5,110997.8,110945.5,170.2,170.2,73.300003,23.889999
2023-11-21T13:22:33.657Z,663.6,483.9,23857.0,23852.5,23850.4,45379.4,45282.1,45243.6,483455.9,484210.1,484979.6,254305.7,254139.7,254015.5,417.9,414.7,6300.4,7928.0,3484.1,3482.2,3482.6,3172.9,3172.0,3172.2,31448.2,31486.5,31469.2,25148.2,25153.2,25169.4,10382.5,10380.5,1874.4,1673.1,9328.8,9336.0,9345.0,37944.6,37955.6,37968.4,176811.7,176939.7,177060.5,29456.9,29458.6,29470.1,1542.3,1532.2,206.4,170.2,30426.7,30352.8,30290.2,15040.8,15025.4,15028.3,54015.7,54094.8,54177.8,111479.0,111359.2,111255.0,170.2,170.2,73.730003,23.889999
2023-11-21T13:22:36.463Z,663.6,483.8,23850.3,23843.5,23837.6,45301.4,45220.5,45193.3,485244.4,485623.5,484748.6,253924.7,253714.9,254089.5,417.9,414.7,6301.3,7929.1,3483.9,3482.3,3482.7,3172.6,3171.6,3172.1,31462.1,31437.0,31404.0,25125.2,25139.0,25159.0,10382.5,10378.7,1874.5,1673.1,9328.7,9333.9,9340.9,37924.0,37969.1,37991.2,176950.7,176797.7,176439.0,29427.3,29436.6,29450.5,1542.3,1532.1,206.4,170.2,30413.5,30350.4,30295.9,15035.8,15019.4,15015.8,53965.4,54108.0,54210.1,111774.0,111438.6,111045.3,170.2,170.2,74.129997,23.889999
2023-11-21T13:22:39.269Z,663.6,483.9,23834.2,23823.5,23823.2,45264.6,45190.5,45163.4,484010.4,483495.9,482902.7,253821.9,253778.6,254139.7,417.9,414.7,6301.8,7928.2,3483.5,3482.2,3482.6,3172.7,3171.7,3171.8,31428.4,31411.4,31425.2,25116.4,25135.5,25139.6,10381.3,10378.3,1874.5,1673.1,9326.9,9333.7,9342.7,37965.7,37992.8,38000.0,176398.6,176147.2,176076.0,29425.5,29442.4,29454.6,1542.3,1532.2,206.4,170.2,30425.2,30345.5,30279.5,15030.7,15012.1,15009.8,53979.6,54104.0,54191.7,111451.8,111040.6,110689.1,170.2,170.2,74.309998,23.920000
2023-11-21T13:22:42.075Z,663.6,483.8,23829.6,23820.8,23824.9,45254.8,45175.6,45122.8,483938.2,484229.4,484611.5,254059.0,254308.4,254016.5,417.9,414.7,6300.7,7927.8,3483.9,3482.1,3482.4,3172.8,3171.5,3171.9,31341.0,31415.9,31378.7,25109.0,25116.8,25123.6,10381.9,10379.2,1874.4,1673.0,9327.5,9335.4,9345.1,37968.1,37973.9,37984.8,176092.2,176320.0,176335.0,29426.4,29427.3,29439.1,1542.3,1532.2,206.4,170.2,30422.1,30346.2,30286.3,15018.9,15010.1,15008.7,54000.0,54094.6,54185.3,111303.8,111113.9,111008.6,170.2,170.2,74.440002,23.879999
2023-11-21T13:22:44.881Z,663.6,483.8,23840.1,23831.2,23828.5,45262.5,45173.5,45135.0,484477.6,485446.7,485530.9,254109.5,253787.9,253598.7,417.9,414.7,6300.5,7927.7,3483.7,3481.9,3483.1,3172.4,3171.3,3172.0,31362.5,31398.0,31442.6,25105.3,25119.6,25133.1,10383.2,10380.8,1874.5,1673.1,9331.2,9338.8,9346.2,37967.6,37978.6,38004.6,176302.3,176498.1,176255.3,29412.0,29418.4,29424.0,1542.3,1532.1,206.4,170.2,30420.2,30345.9,30299.0,15050.9,15033.7,15031.8,53954.4,54066.3,54152.7,111508.2,111309.4,111071.9,170.2,170.2,74.519997,23.900000
2023-11-21T13:22:47.687Z,663.6,483.8,23847.9,23839.7,23837.1,45274.5,45199.3,45177.4,485466.5,485018.3,484348.5,253897.7,254006.6,254230.2,417.8,414.7,6300.4,7927.7,3483.9,3482.2,3482.3,3173.2,3171.5,3172.0,31414.9,31423.0,31413.0,25098.1,25114.0,25129.5,10379.3,10370.4,1874.5,1673.2,9328.0,9337.2,9346.4,37971.7,38026.7,38038.4,176441.3,176217.1,175920.9,29418.4,29428.8,29448.7,1542.3,1532.1,206.4,170.2,30445.3,30381.4,30328.4,15047.9,15033.1,15019.5,53914.0,54084.6,54203.6,111585.0,111230.2,110995.4,170.2,170.2,74.580002,23.900000
2023-11-21T13:22:50.493Z,663.6,483.8,23863.3,23855.8,23855.6,45365.4,45290.8,45256.6,484493.8,483430.0,483337.2,254365.7,254510.2,254615.3,417.9,414.7,6301.0,7927.7,3483.4,3482.2,3482.6,3172.8,3171.6,3171.9,31430.4,31427.3,31426.2,25105.6,25117.6,25125.9,10380.5,10377.6,1874.5,1673.1,9331.3,9339.8,9349.4,38022.0,38060.1,38058.5,176243.8,175960.0,175954.7,29448.5,29457.0,29466.8,1542.2,1532.1,206.4,170.2,30451.6,30395.5,30336.5,15033.7,15020.5,15021.8,53998.0,54175.6,54247.5,111553.1,111143.4,110820.5,170.2,170.2,74.589996,23.900000
2023-11-21T13:22:53.298Z,663.6,483.9,23878.2,23875.4,23876.7,45439.2,45348.5,45305.5,484211.7,485006.8,485727.1,254622.5,254724.0,254451.6,417.9,414.7,6301.9,7927.9,3483.8,3482.3,3482.7,3172.8,3171.7,3172.2,31441.2,31466.4,31476.2,25110.7,25121.2,25132.7,10382.0,10380.3,1874.4,1673.0,9335.1,9344.5,9353.0,38057.8,38065.8,38068.2,176248.5,176467.0,176455.5,29480.9,29486.3,29498.7,1542.3,1532.2,206.4,170.2,30449.7,30382.6,30324.8,15049.6,15038.1,15031.9,54016.4,54172.1,54208.2,111254.8,111036.6,111061.8,170.2,170.2,74.529999,23.860001
2023-11-21T13:22:56.104Z,663.6,483.9,23893.6,23888.3,23883.3,45453.7,45367.6,45327.2,484608.3,484994.2,485390.2,254709.7,254541.8,254262.7,417.9,414.6,6302.6,7929.4,3484.5,3482.4,3483.1,3172.9,3172.1,3172.1,31499.1,31503.1,31500.5,25124.6,25131.8,25149.6,10379.0,10379.5,1874.4,1673.1,9340.2,9348.5,9356.0,38065.0,38079.8,38098.4,176698.8,176900.0,176844.1,29509.6,29517.4,29523.6,1542.3,1532.1,206.4,170.2,30459.1,30386.1,30350.5,15059.2,15035.1,15035.5,54036.0,54132.1,54223.6,111388.7,111230.5,111179.1,170.2,170.2,74.419998,23.860001
2023-11-21T13:22:58.911Z,663.6,483.8,23899.0,23890.1,23886.4,45466.5,45382.1,45356.9,486426.5,486610.2,485548.7,254541.0,254332.8,254508.5,417.9,414.7,6302.4,7928.8,3484.1,3482.7,3483.2,3172.9,3172.0,3172.4,31464.0,31495.4,31477.3,25124.0,25133.5,25148.0,10384.0,10380.1,1874.4,1673.1,9342.7,9350.3,9358.2,38082.7,38117.1,38129.0,176985.1,176882.3,176588.8,29509.2,29524.3,29540.5,1542.3,1532.1,206.4,170.2,30459.7,30388.6,30326.6,15050.8,15045.7,15034.9,54009.3,54164.5,54257.0,111875.1,111579.5,111128.0,170.2,170.2,74.330002,23.879999
2023-11-21T13:23:01.716Z,663.6,483.8,23898.6,23888.3,23883.3,45448.5,45370.2,45345.9,486626.5,485632.9,484498.5,254431.0,254673.2,254849.7,417.9,414.7,6302.9,7930.2,3484.5,3482.8,3483.2,3173.1,3171.9,3172.6,31472.4,31507.5,31482.8,25125.3,25139.1,25144.7,10382.7,10373.4,1874.4,1673.1,9342.3,9349.3,9359.0,38075.7,38095.4,38103.1,177929.0,177989.6,177782.5,29701.0,29724.2,29751.5,1542.3,1532.1,206.4,170.2,30514.6,30458.1,30414.1,15072.0,15059.0,15053.1,54103.9,54258.6,54363.3,111991.7,111643.8,111266.1,170.2,170.2,74.260002,23.900000
2023-11-21T13:23:04.522Z,663.6,483.9,24006.9,24002.7,23998.8,46035.2,45957.6,45918.8,485598.9,485655.9,485484.2,255480.8,255723.2,255765.4,417.8,414.6,6302.4,7930.6,3484.3,3482.8,3482.9,3173.2,3172.0,3172.4,31763.3,31785.1,31809.4,25298.0,25309.1,25318.6,10383.8,10380.9,1874.4,1673.1,9340.0,9346.3,9356.4,37796.8,37816.8,37811.6,181269.3,181044.1,181120.5,30053.4,30072.1,30076.2,1542.2,1532.1,206.4,170.2,30546.5,30493.1,30435.0,15084.9,15064.6,15063.4,54133.2,54298.4,54361.5,112078.9,111629.3,111433.9,170.2,170.2,74.230003,23.879999
2023-11-21T13:23:07.329Z,663.6,483.8,24050.7,24046.3,24049.2,46185.2,46108.3,46065.8,485184.8,485604.0,485654.3,256033.5,256048.8,255957.9,417.9,414.7,6302.9,7928.9,3484.1,3482.9,3483.2,3173.2,3172.3,3172.4,31763.5,31823.4,31834.0,25325.0,25338.8,25350.5,10383.9,10381.9,1874.4,1673.0,9339.8,9348.8,9358.4,37740.7,37779.0,37779.3,181724.8,181897.6,181900.3,30114.5,30114.4,30119.1,1542.2,1532.1,206.4,170.2,30563.5,30511.9,30469.1,15094.1,15080.0,15070.1,54202.6,54319.8,54393.9,112004.1,111762.7,111573.2,170.2,170.2,73.290001,23.889999
2023-11-21T13:23:10.135Z,663.6,483.8,24067.3,24066.1,24062.6,46275.3,46189.1,46141.6,485907.2,486322.5,486161.9,256026.8,255839.2,255826.5,417.9,414.7,6301.5,7929.7,3483.9,3482.5,3483.3,3173.0,3172.1,3172.6,31872.3,31917.8,31920.0,25346.8,25361.9,25369.4,10384.6,10381.7,1874.4,1673.1,9341.2,9349.2,9358.2,37735.6,37752.0,37772.0,182277.3,182388.3,182345.1,30133.0,30135.7,30139.7,1542.2,1532.1,206.4,170.2,30567.7,30506.3,30474.3,15102.9,15088.1,15070.0,54174.9,54296.6,54348.9,112024.2,111832.3,111720.7,170.2,170.2,72.559998,23.879999
2023-11-21T13:23:12.941Z,663.6,483.8,24077.5,24070.2,24066.7,46287.5,46210.7,46184.7,486161.9,486418.5,485754.8,256036.7,256068.7,256128.5,417.9,414.6,6304.0,7931.0,3484.5,3482.8,3483.2,3173.1,3171.9,3172.5,31891.6,31910.6,31931.7,25352.2,25371.5,25378.9,10384.7,10380.9,1874.3,1673.1,9342.8,9349.6,9357.7,37713.0,37750.1,37781.7,182696.4,182576.8,182193.8,30138.8,30145.2,30161.8,1542.3,1532.1,206.4,170.2,30581.8,30542.8,30491.4,15100.6,15082.6,15073.4,54150.0,54281.8,54373.5,112314.2,111991.1,111650.5,170.2,170.2,72.059998,23.889999
2023-11-21T13:23:15.747Z,663.6,483.9,24079.0,24068.0,24065.7,46303.4,46237.6,46201.4,486061.3,485663.8,485249.6,256103.8,255983.9,256168.7,417.9,414.6,6302.9,7930.0,3484.4,3482.7,3483.3,3173.4,3172.4,3172.7,31928.3,31955.2,31974.4,25377.6,25391.9,25402.0,10384.3,10381.3,1874.4,1673.0,9341.4,9348.6,9357.6,37723.9,37762.5,37780.2,182743.4,182485.5,182145.9,30151.5,30153.6,30173.9,1542.3,1532.1,206.4,170.2,30578.9,30525.4,30483.9,15110.3,15081.4,15073.1,54179.8,54304.6,54397.5,112234.5,111830.2,111601.0,170.2,170.2,71.790001,23.879999
2023-11-21T13:23:18.552Z,663.6,483.9,24077.2,24068.2,24068.0,46325.9,46250.8,46205.8,485792.0,485571.7,485239.7,256357.7,256191.2,256414.6,417.9,414.7,6303.8,7931.0,3484.6,3482.7,3483.3,3173.3,3172.5,3172.6,31870.8,31870.8,31878.9,25382.3,25394.3,25405.7,10380.9,10380.4,1874.4,1673.1,9341.7,9350.4,9358.8,37767.5,37778.7,37786.3,182476.7,182298.3,182328.2,30160.3,30172.0,30181.9,1542.2,1532.2,206.4,170.2,30597.7,30550.7,30500.3,15095.2,15079.0,15067.6,54235.1,54354.4,54436.9,112057.3,111583.3,111405.9,170.2,170.2,71.639999,23.879999
2023-11-21T13:23:21.359Z,663.6,483.8,24081.1,24076.8,24075.7,46343.1,46258.4,46208.9,485514.7,486347.1,486810.5,256627.0,256447.1,256333.8,417.9,414.6,6303.2,7930.5,3484.8,3482.7,3483.2,3173.3,3172.2,3172.6,31897.1,31934.1,31932.5,25392.7,25401.1,25414.1,10384.1,10380.8,1874.4,1673.0,9343.4,9351.6,9360.0,37717.8,37738.2,37749.0,182645.9,182753.5,182815.0,30180.8,30184.4,30188.2,1542.3,1532.2,206.4,170.2,30620.0,30557.0,30498.7,15104.5,15079.7,15073.7,54227.9,54360.6,54368.4,112157.0,111944.0,111724.4,170.2,170.2,71.529999,23.889999
2023-11-21T13:23:24.164Z,663.6,483.8,24087.4,24083.0,24075.8,46349.8,46263.5,46224.1,486052.9,486843.1,486558.2,256331.5,256290.5,256252.2,417.9,414.6,6303.5,7930.8,3484.6,3482.8,3483.4,3173.5,3172.2,3172.9,31891.8,31946.6,31952.5,25392.7,25408.5,25423.5,10385.0,10381.6,1874.4,1673.0,9344.9,9351.5,9361.1,37709.2,37738.6,37768.9,183068.6,183137.2,182810.6,30180.7,30181.6,30192.4,1542.3,1532.2,206.4,170.2,30599.7,30557.9,30507.1,15105.9,15092.1,15085.9,54189.0,54332.4,54420.5,112259.2,112000.7,111752.5,170.2,170.2,71.470001,23.889999
2023-11-21T13:23:26.970Z,663.6,483.8,24089.1,24083.7,24079.6,46364.9,46282.5,46249.2,486303.1,485942.8,485521.4,256230.9,256445.8,256719.4,417.9,414.6,6304.0,7931.4,3484.7,3483.0,3483.2,3173.6,3172.4,3172.6,31916.3,31907.4,31938.3,25399.4,25413.6,25430.3,10384.5,10381.1,1874.4,1673.1,9344.0,9350.9,9359.7,37726.2,37771.7,37792.9,183231.5,182959.0,182624.4,30187.0,30195.2,30210.3,1542.2,1532.1,206.4,170.2,30586.1,30543.7,30506.1,15105.6,15084.7,15082.5,54267.5,54400.0,54495.6,112251.3,111874.2,111438.6,170.2,170.2,71.440002,23.879999
2023-11-21T13:23:29.777Z,663.6,483.8,24085.6,24079.3,24080.2,46374.0,46300.5,46247.2,485715.6,485221.9,485150.9,256492.3,256678.6,256619.4,417.9,414.7,6306.2,7932.3,3484.7,3483.0,3483.5,3173.5,3172.4,3172.6,31947.4,31976.3,31919.2,25407.6,25418.7,25425.2,10385.1,10381.3,1874.5,1673.0,9342.6,9351.0,9359.2,37730.6,37747.4,37779.6,182854.7,182849.2,182834.0,30192.8,30200.1,30204.6,1542.2,1532.1,206.4,170.2,30607.4,30552.1,30503.3,15104.0,15084.5,15077.4,54255.1,54378.1,54461.3,112057.9,111702.3,111651.9,170.2,170.2,71.400002,23.889999
2023-11-21T13:23:32.582Z,663.6,483.8,24086.2,24083.3,24079.4,46375.3,46294.0,46243.3,486015.7,485942.8,486311.4,256523.0,256492.8,256280.1,417.9,414.6,6303.7,7931.3,3484.8,3483.0,3483.1,3173.3,3172.3,3172.7,31941.9,31941.7,31945.9,25401.2,25402.4,25424.9,10385.9,10377.6,1874.4,1673.1,9343.5,9352.2,9360.2,37695.1,37700.1,37725.6,183096.4,183204.5,183122.0,30197.4,30198.0,30208.3,1542.2,1532.1,206.4,170.2,30586.1,30535.8,30498.0,15101.2,15090.7,15084.9,54236.0,54305.7,54388.4,111956.9,111760.9,111711.8,170.2,170.2,71.379997,23.879999
2023-11-21T13:23:35.388Z,663.6,483.8,24083.8,24078.0,24077.9,46346.4,46274.0,46229.9,486641.2,486589.2,486498.3,256381.6,256248.5,256328.4,417.9,414.6,6305.0,7932.0,3484.6,3483.0,3483.3,3173.3,3172.2,3172.5,31981.0,31986.7,31904.1,25402.4,25417.2,25434.8,10385.0,10382.7,1874.3,1673.2,9344.3,9351.8,9359.2,37695.3,37723.0,37767.2,183433.0,183215.5,182836.1,30186.5,30196.7,30213.3,1542.2,1532.1,206.4,170.2,30589.6,30537.6,30499.5,15099.1,15093.0,15076.0,54189.5,54346.8,54457.8,112345.7,111943.9,111711.1,170.2,170.2,71.349998,23.889999
2023-11-21T13:23:38.194Z,663.6,483.8,24087.2,24079.5,24079.3,46377.0,46296.6,46263.3,486386.0,485842.2,485727.1,256540.2,256576.4,256698.0,417.9,414.7,6303.7,7931.5,3484.9,3482.7,3483.2,3173.2,3172.2,3172.8,31924.6,31959.7,31947.1,25413.9,25426.0,25439.9,10384.3,10381.4,1874.4,1673.1,9343.8,9352.8,9360.5,37706.9,37738.4,37755.0,183210.9,182958.6,182908.9,30202.5,30212.3,30222.7,1542.2,1532.1,206.4,170.2,30600.1,30544.7,30501.0,15101.9,15081.8,15081.6,54229.1,54393.8,54449.7,112092.8,111697.0,111591.4,170.2,170.2,71.370003,23.889999
2023-11-21T13:23:41.000Z,663.6,483.9,24091.7,24084.3,24084.1,46387.4,46306.3,46257.1,485824.4,486535.6,486853.0,256833.0,256704.4,256611.6,417.9,414.7,6304.6,7932.2,3484.8,3482.9,3483.3,3173.5,3172.3,3172.9,31956.0,31968.5,31979.0,25417.2,25429.1,25442.4,10386.1,10383.0,1874.3,1673.0,9344.3,9353.4,9362.3,37712.4,37727.2,37732.9,183305.0,183418.2,183460.3,30214.6,30206.8,30209.9,1542.3,1532.1,206.4,170.2,30582.6,30534.7,30488.9,15100.8,15091.1,15082.5,54231.2,54362.8,54437.2,112237.7,111995.5,111972.0,170.2,170.2,71.379997,23.879999
2023-11-21T13:23:43.806Z,663.6,483.9,24086.8,24082.7,24079.0,46343.9,46268.8,46232.4,486488.3,486551.9,485830.8,256364.0,256459.8,256548.8,417.9,414.6,6303.2,7931.5,3484.9,3482.9,3483.4,3173.1,3172.4,3172.7,31948.6,31957.4,31989.0,25420.1,25429.0,25445.4,10384.7,10381.6,1874.5,1673.1,9345.3,9352.0,9360.2,37712.5,37748.8,37767.8,183748.8,183370.2,183014.2,30196.5,30210.5,30220.9,1542.3,1532.1,206.4,170.2,30598.4,30551.8,30506.6,15116.5,15086.0,15080.7,54199.5,54367.9,54468.7,112525.0,112163.5,111809.5,170.2,170.2,71.379997,23.889999
